Time,Cash
21:17:00,9.997518122999969
21:17:02,9.993673237062549
21:17:04,9.985393872379852
