Time,Cash
23:37:27,10.012436959134616
23:37:29,10.024889386064483
23:37:31,10.037357300026837
