Time,Cash
16:17:50,9.9966638110061
16:18:03,9.999039052277439
16:18:17,10.00148918070055
