Time,Cash
16:14:29,9.99782670312417
16:14:42,9.994351511882202
16:14:55,9.995800837377603
