Time,Cash
19:36:12,10.007919940825962
19:36:16,10.017718104151296
