Time,Coin,Cash
22:21:14,USDT,10
22:21:17,USDT,10.004073657139532
22:21:21,BUSD,10.006612001233062
22:21:25,USDT,10.017479091711959
22:21:29,USDT,10.017479091711959
